"Role","Pid","Tid","Name","CpuSec","AvgPctOfOneCore"
"renderer","2976","9424","CrRendererMain","73.06","25.9"
"gpu-process","15768","1192","CrGpuMain","35.77","12.7"
"renderer","2976","4516","Compositor","14.84","5.3"
"gpu-process","15768","5668","VizCompositorThread","8.28","2.9"
"webview-browser","18448","20140","CrBrowserMain","4.84","1.7"
"renderer","2976","272","ThreadPoolForegroundWorker","4.44","1.6"
"gpu-process","15768","5296","Chrome_ChildIOThread","2.02","0.7"
"renderer","16804","19992","CrRendererMain","1.97","0.7"
"renderer","2976","10592","ThreadPoolForegroundWorker","1.83","0.6"
"webview-browser","18448","20228","Chrome_IOThread","1.56","0.6"
"renderer","2976","19000","Chrome_ChildIOThread","1.47","0.5"
"renderer","2976","18684","ThreadPoolForegroundWorker","1.27","0.4"
"utility","19404","2896","Chrome_ChildIOThread","0.97","0.3"
"rust-app","1888","20348","main","0.8","0.3"
"renderer","16804","19344","Compositor","0.73","0.3"
"gpu-process","15768","19588","GpuVSyncThread","0.72","0.3"
"rust-app","1888","17612","tokio-rt-worker","0.41","0.1"
"rust-app","1888","6620","tokio-rt-worker","0.33","0.1"
"renderer","16804","18460","ThreadPoolForegroundWorker","0.27","0.1"
"rust-app","1888","11996","MojoThread","0.2","0.1"
"rust-app","1888","2120","tokio-rt-worker","0.2","0.1"
"rust-app","1888","9396","tokio-rt-worker","0.19","0.1"
"rust-app","1888","7840","(no name)","0.14","0"
"rust-app","1888","20060","tokio-rt-worker","0.11","0"
"webview-browser","18448","11208","ThreadPoolForegroundWorker","0.11","0"
"rust-app","1888","9892","EBWorkerThread","0.11","0"
"webview-browser","18448","4148","ThreadPoolSingleThreadSharedForeground","0.09","0"
"rust-app","1888","19560","tokio-rt-worker","0.09","0"
"renderer","16804","2612","ThreadPoolForegroundWorker","0.08","0"
"rust-app","1888","17504","(no name)","0.08","0"
"renderer","16804","20068","Chrome_ChildIOThread","0.06","0"
"utility","7068","8964","ThreadPoolForegroundWorker","0.03","0"
"renderer","16804","6044","ThreadPoolForegroundWorker","0.03","0"
"rust-app","1888","11700","tokio-rt-worker","0.03","0"
"gpu-process","15768","14144","ThreadPoolForegroundWorker","0.03","0"
"rust-app","1888","18660","tokio-rt-worker","0.03","0"
"webview-browser","18448","17264","ThreadPoolBackgroundWorker","0.02","0"
"rust-app","1888","10140","(no name)","0.02","0"
"renderer","2976","18516","ThreadPoolServiceThread","0.02","0"
"webview-browser","18448","19316","ThreadPoolForegroundWorker","0.02","0"
"utility","19404","16832","network.CrUtilityMain","0.02","0"
"rust-app","1888","8516","softbuffer_0.4.8_dc_allocator","0.02","0"
"gpu-process","15768","17816","ThreadPoolForegroundWorker","0.02","0"
"gpu-process","15768","19912","ThreadPoolForegroundWorker","0.02","0"
"rust-app","1888","19604","tokio-rt-worker","0.02","0"
"utility","7068","19812","Chrome_ChildIOThread","0.02","0"
"gpu-process","15768","13012","GpuWatchdog","0","0"
"crashpad-handler","15368","18536","CrashpadMainThread","0","0"
"rust-app","1888","664","(no name)","0","0"
"gpu-process","15768","9936","(no name)","0","0"
"gpu-process","15768","11400","(no name)","0","0"
"renderer","2976","19320","ThreadPoolBackgroundWorker","0","0"
"webview-browser","18448","16124","ThreadPoolSingleThreadSharedBackgroundBlocking","0","0"
"rust-app","1888","19124","(no name)","0","0"
"utility","7068","10032","ThreadPoolForegroundWorker","0","0"
"webview-browser","18448","18788","(no name)","0","0"
"utility","7068","5528","storage.CrUtilityMain","0","0"
"webview-browser","18448","13004","DManip Delegate Thread","0","0"
"gpu-process","15768","13624","(no name)","0","0"
"crashpad-handler","15368","11988","(no name)","0","0"
"rust-app","1888","20212","tokio-rt-worker","0","0"
"renderer","2976","20460","(no name)","0","0"
"rust-app","1888","8068","tokio-rt-worker","0","0"
"rust-app","1888","2040","tokio-rt-worker","0","0"
"renderer","2976","6116","LoaderLockSampler","0","0"
"webview-browser","18448","17860","BrokerEvent","0","0"
"webview-browser","18448","11304","ThreadPoolForegroundWorker","0","0"
"webview-browser","18448","20024","ThreadPoolSingleThreadCOMSTASharedForegroundBlocking","0","0"
"webview-browser","18448","4352","CacheThread_BlockFile","0","0"
"gpu-process","15768","3220","(no name)","0","0"
"webview-browser","18448","11244","ThreadPoolForegroundWorker","0","0"
"renderer","16804","2704","(no name)","0","0"
"webview-browser","18448","1620","ThreadPoolForegroundWorker","0","0"
"rust-app","1888","7256","(no name)","0","0"
"renderer","2976","9560","PerfettoTrace","0","0"
"utility","19404","20468","ThreadPoolForegroundWorker","0","0"
"renderer","16804","17664","ThreadPoolBackgroundWorker","0","0"
"rust-app","1888","7460","(no name)","0","0"
"utility","19404","19308","ThreadPoolSingleThreadCOMSTASharedForegroundBlocking","0","0"
"sidecar","16180","2780","(no name)","0","0"
"webview-browser","18448","19116","PerfettoTrace","0","0"
"webview-browser","18448","9224","(no name)","0","0"
"webview-browser","18448","13876","ThreadPoolForegroundWorker","0","0"
"utility","19404","19088","ThreadPoolForegroundWorker","0","0"
"utility","19404","19876","ThreadPoolBackgroundWorker","0","0"
"webview-browser","18448","7816","ThreadPoolForegroundWorker","0","0"
"webview-browser","18448","18120","(no name)","0","0"
"webview-browser","18448","20184","(no name)","0","0"
"utility","19404","19040","ThreadPoolForegroundWorker","0","0"
"gpu-process","15768","13540","(no name)","0","0"
"rust-app","1888","2024","EBWorkerThread","0","0"
"webview-browser","18448","19788","(no name)","0","0"
"rust-app","1888","8532","(no name)","0","0"
"webview-browser","18448","19336","ThreadPoolBackgroundWorker","0","0"
"gpu-process","15768","10168","PerfettoTrace","0","0"
"sidecar","16180","9408","main","0","0"
"rust-app","1888","17016","tokio-rt-worker","0","0"
"sidecar","16180","4472","(no name)","0","0"
"renderer","2976","19520","ThreadPoolBackgroundWorker","0","0"
"rust-app","1888","1472","tokio-rt-worker","0","0"
"utility","19404","19128","ThreadPoolServiceThread","0","0"
"webview-browser","18448","1696","ThreadPoolServiceThread","0","0"
"webview-browser","18448","3120","(no name)","0","0"
"webview-browser","18448","12532","CompositorTileWorker1","0","0"
"crashpad-handler","15368","20036","(no name)","0","0"
"utility","7068","17080","LoaderLockSampler","0","0"
"webview-browser","18448","20364","ThreadPoolSingleThreadForegroundBlocking","0","0"
"renderer","2976","5732","ThreadPoolSingleThreadSharedForegroundBlocking","0","0"
"webview-browser","18448","6468","VideoCaptureThread","0","0"
"utility","7068","19208","ThreadPoolBackgroundWorker","0","0"
"gpu-process","15768","15508","(no name)","0","0"
"rust-app","1888","20452","tokio-rt-worker","0","0"
"webview-browser","18448","19892","(no name)","0","0"
"gpu-process","15768","18824","(no name)","0","0"
"renderer","16804","16964","Font thread","0","0"
"utility","19404","19216","ThreadPoolBackgroundWorker","0","0"
"renderer","16804","8116","LoaderLockSampler","0","0"
"gpu-process","15768","17692","ThreadPoolBackgroundWorker","0","0"
"webview-browser","18448","11620","ThreadPoolForegroundWorker","0","0"
"utility","7068","6412","ThreadPoolForegroundWorker","0","0"
"renderer","16804","3452","PerfettoTrace","0","0"
"webview-browser","18448","3492","ThreadPoolForegroundWorker","0","0"
"rust-app","1888","9432","(no name)","0","0"
"renderer","2976","9700","MemoryInfra","0","0"
"webview-browser","18448","18704","ThreadPoolForegroundWorker","0","0"
"webview-browser","18448","18504","ThreadPoolForegroundWorker","0","0"
"webview-browser","18448","19492","ThreadPoolSingleThreadSharedForegroundBlocking","0","0"
"rust-app","1888","18992","(no name)","0","0"
"webview-browser","18448","17296","ThreadPoolSingleThreadCOMSTASharedBackgroundBlocking","0","0"
"gpu-process","15768","7220","(no name)","0","0"
"gpu-process","15768","9192","(no name)","0","0"
"webview-browser","18448","2624","(no name)","0","0"
"utility","19404","18528","(no name)","0","0"
"renderer","16804","14140","(no name)","0","0"
"utility","19404","16540","CacheThread_BlockFile","0","0"
"utility","19404","9768","(no name)","0","0"
"renderer","16804","11340","ThreadPoolSingleThreadSharedForegroundBlocking","0","0"
"crashpad-handler","15368","3972","ExitCodeWatcherThread","0","0"
"webview-browser","18448","10116","(no name)","0","0"
"webview-browser","18448","8252","ThreadPoolForegroundWorker","0","0"
"gpu-process","15768","924","(no name)","0","0"
"gpu-process","15768","7740","(no name)","0","0"
"crashpad-handler","15368","7216","(no name)","0","0"
"webview-browser","18448","19620","ThreadPoolSingleThreadCOMSTASharedForeground","0","0"
"webview-browser","18448","9176","ThreadPoolForegroundWorker","0","0"
"crashpad-handler","15368","19860","(no name)","0","0"
"webview-browser","18448","14532","(no name)","0","0"
"webview-browser","18448","18492","LoaderLockSampler","0","0"
"gpu-process","15768","17168","(no name)","0","0"
"renderer","2976","13132","(no name)","0","0"
"utility","7068","19828","ThreadPoolServiceThread","0","0"
"utility","19404","19204","PerfettoTrace","0","0"
"rust-app","1888","18316","tokio-rt-worker","0","0"
"renderer","2976","5928","Font thread","0","0"
"webview-browser","18448","5664","MemoryInfra","0","0"
"webview-browser","18448","10252","ThreadPoolForegroundWorker","0","0"
"gpu-process","15768","18968","Window owner thread","0","0"
"rust-app","1888","20020","(no name)","0","0"
"webview-browser","18448","12092","ThreadPoolSingleThreadSharedBackgroundBlocking","0","0"
"renderer","16804","3524","ThreadPoolBackgroundWorker","0","0"
"gpu-process","15768","3000","LoaderLockSampler","0","0"
"renderer","16804","16040","ThreadPoolServiceThread","0","0"
"webview-browser","18448","3572","(no name)","0","0"
"gpu-process","15768","19668","(no name)","0","0"
"webview-browser","18448","16396","ThreadPoolForegroundWorker","0","0"
"gpu-process","15768","18032","ThreadPoolServiceThread","0","0"
"webview-browser","18448","1276","(no name)","0","0"
"utility","7068","19780","PerfettoTrace","0","0"
"webview-browser","18448","18320","ThreadPoolSingleThreadCOMSTASharedForegroundBlocking","0","0"
"rust-app","1888","2820","(no name)","0","0"
"rust-app","1888","5108","(no name)","0","0"
"renderer","2976","14284","ThreadPoolForegroundWorker","0","0"
"webview-browser","18448","14100","ThreadPoolForegroundWorker","0","0"
"utility","19404","17968","(no name)","0","0"
"sidecar","16180","3084","(no name)","0","0"
"utility","19404","6684","LoaderLockSampler","0","0"
"webview-browser","18448","19112","ThreadPoolSingleThreadForegroundBlocking","0","0"
"webview-browser","18448","2648","(no name)","0","0"
"crashpad-handler","15368","2532","(no name)","0","0"
"webview-browser","18448","5704","ThreadPoolSingleThreadCOMSTASharedBackgroundBlocking","0","0"
"webview-browser","18448","12304","ThreadPoolSingleThreadBackgroundBlocking","0","0"
"renderer","16804","18624","MemoryInfra","0","0"
"renderer","2976","16812","(no name)","0","0"
"utility","19404","7640","ThreadPoolSingleThreadCOMSTASharedBackgroundBlocking","0","0"
